INSERT INTO fornecedor (CPF_CNPJ, nome, endereco, telefone, ramo_de_atividade) VALUES ('12345678000199', 'Distribuidora Saúde LTDA', 'Rua das Flores, 123 - Centro', '11988887777', 'Medicamentos'),('98765432000188', 'Farmabem Distribuições', 'Av. Paulista, 1000 - Bela Vista', '1122223333', 'Cosméticos'),('11122233000100', 'BemEstar Suplementos', 'Rua Verde, 45 - Jardim', '1133334444', 'Suplementos'),('22233344000177', 'Vida e Higiene S.A.', 'Rua Azul, 200 - Industrial', '1144445555', 'Higiene');

INSERT INTO produto (codigo, nome, unidade, apresentacao, tipo_produto, dados_medicamento) VALUES ('7891001234567', 'Paracetamol', 'mg', 'caixa', 'Medicamento', ROW('1234567','Tarja Vermelha', 0, 0)),('7891002345674' , 'Clonazepam', 'mg', 'caixa', 'Medicamento', ROW('2345678','Tarja Preta', 1, 1)),('7891003456781', 'Shampoo Anticaspa', 'ml', 'frasco', 'Cosmético', NULL),('7891004567898', 'Vitamina C', 'mg', 'caixa', 'Suplemento', NULL),('7891005678904', 'Amoxicilina', 'mg', 'caixa', 'Medicamento', ROW('3456789','Tarja Vermelha', 0, 1)),('7891006789011', 'Sabonete Neutro', 'g', 'barra', 'Higiene', NULL),('7891007890128', 'Dipirona Sódica', 'mg', 'caixa', 'Medicamento', ROW('4567890','Tarja Vermelha', 0, 0)),('7891008901235', 'Escova Dental', 'unidade', 'embalagem', 'Higiene', NULL),('7891009012342', 'Colágeno Hidrolisado', 'g', 'frasco', 'Suplemento', NULL),('7891010123459', 'Álcool 70%', 'ml', 'frasco', 'Higiene', NULL),('7891011234566', 'Protetor Solar FPS 60', 'ml', 'frasco', 'Cosmético', NULL),('7891012345673', 'Ômega 3', 'mg', 'caixa', 'Suplemento', NULL),('7891013456780', 'Ivermectina', 'mg', 'caixa', 'Medicamento', ROW('6789012','Tarja Vermelha', 0, 1)),('7891014567897', 'Lenço Umedecido', 'unidade', 'pacote', 'Higiene', NULL),('7891015678903', 'Sabonete Íntimo', 'ml', 'frasco', 'Cosmético', NULL);

INSERT INTO cliente (CPF_CNPJ, nome, endereco, telefone, data_nascimento, data_cadastro, ramo_de_atividade, necessidades_especiais, aposentado) VALUES ('12345678900', 'João da Silva', 'Rua das Acácias, 123, Centro, Belo Horizonte - MG', '31999998888', '1950-05-10', '2024-01-15', 'Cliente PF', FALSE, TRUE),('98765432111', 'Maria Oliveira', 'Av. Brasil, 456, Savassi, Belo Horizonte - MG', '31988887777', '1992-11-23', '2024-02-20', 'Cliente PF', FALSE, FALSE),('11122233344', 'Carlos Souza', 'Rua das Flores, 789, Funcionários, Belo Horizonte - MG', '31977776666', '1975-08-30', '2024-03-10', 'Cliente PF', TRUE, FALSE),('12345678000101', 'Comercial ABC Ltda', 'Rua do Comércio, 1000, Centro, Contagem - MG', '3133334444', NULL, '2024-01-05', 'Varejo', FALSE, FALSE),('98765432000199', 'Construtora XYZ S/A', 'Av. dos Trabalhadores, 2000, Industrial, Betim - MG', '3134445555', NULL, '2024-02-01', 'Construção Civil', FALSE, FALSE),('11223344000155', 'Tech Solutions ME', 'Rua da Inovação, 300, Santa Efigênia, Belo Horizonte - MG', '3135556666', NULL, '2024-03-01', 'Tecnologia', FALSE, FALSE);

INSERT INTO compra (id_compra, fornecedor, codigo_compra, lote, data_compra, data_validade, unidade_compra, quantidade_compra, preco_unitario_compra) VALUES (1, '12345678000199', '7891001234567', 'SAB-250110-001', '2025-01-10', '2026-01-10', 'caixa', 10, 2.50), (2, '98765432000188', '7891003456781', 'SHP-250215-002', '2025-02-15', '2026-02-15', 'frasco', 20, 5.75), (3, '11122233000100', '7891004567898', 'CRD-250301-003', '2025-03-01', '2026-03-01', 'caixa', 15, 3.20), (4, '22233344000177', '7891006789011', 'DET-250310-004', '2025-03-10', '2026-03-10', 'barra', 30, 1.99), (5, '12345678000199', '7891005678904', 'DSF-250320-005', '2025-03-20', '2026-03-20', 'caixa', 8, 4.10), (6, '98765432000188', '7891011234566', 'SPO-250401-006', '2025-04-01', '2026-04-01', 'frasco', 6, 15.90), (7, '11122233000100', '7891004567898', 'ASN-250405-007', '2025-04-05', '2026-04-05', 'caixa', 20, 3.10), (8, '22233344000177', '7891010123459', 'AMC-250410-008', '2025-04-10', '2026-04-10', 'frasco', 50, 2.75), (9, '12345678000199', '7891013456780', 'SAB-250415-009', '2025-04-15', '2026-04-15', 'caixa', 12, 6.00), (10,'98765432000188', '7891015678903', 'SHP-250420-010', '2025-04-20', '2026-04-20', 'frasco', 18, 8.40);

INSERT INTO venda (id_venda, codigo_venda, cliente, data_venda, unidade_venda, quantidade_venda, preco_unitario_venda) VALUES (1, '7891001234567', '12345678900', '2025-04-01', 'caixa', 2, 3.50),(2, '7891003456781', '98765432111', '2025-04-02', 'frasco', 1, 6.00),(3, '7891004567898', '11122233344', '2025-04-03', 'caixa', 3, 3.50),(4, '7891001234567', '12345678900', '2025-04-05', 'caixa', 1, 3.50),(5, '7891003456781', '98765432111', '2025-04-06', 'frasco', 2, 6.00),(6, '7891006789011', '12345678000101', '2025-04-07', 'barra', 10, 2.10),(7, '7891006789011', '98765432111', '2025-04-08', 'barra', 5, 2.10),(8, '7891013456780', '11122233344', '2025-04-09', 'caixa', 1, 6.50),(9, '7891013456780', '12345678900', '2025-04-10', 'caixa', 2, 6.50),(10, '7891001234567', '98765432111', '2025-04-11', 'caixa', 1, 3.50);

INSERT INTO dados_saude (cpf_cliente, alergias, medicamentos_controlados, observacoes_medicas) VALUES ('12345678900', 'Amoxicilina', 'Clonazepam', 'Histórico de AVC');